<beans xmlns="http://www.springframework.org/schema/beans"
    xmlns:xsi="http://www.w3.org/2001/XMLSchema-instance"
    xsi:schemaLocation="http://www.springframework.org/schema/beans
    http://www.springframework.org/schema/beans/spring-beans.xsd">
    
    <bean id="HandlerMapping" class="org.springframework.web.servlet.handler.BeanNameUrlHandlerMapping"/>
    
    <bean name="/welcome.html" class="controller.HelloController" />
    
    
    
    <bean id="viewResolver"
        class="org.springframework.web.servlet.view.InternalResourceViewResolver">
        <property name="prefix">
            <value>/WEB-INF/views/</value>
        </property>
        <property name="suffix">
            <value>.jsp</value>
        </property>
        
    </bean>
    
    
</beans>