<beans xmlns="http://www.springframework.org/schema/beans"
	xmlns:xsi="http://www.w3.org/2001/XMLSchema-instance" xmlns:flow="http://www.springframework.org/schema/webflow-config"
	xsi:schemaLocation="http://www.springframework.org/schema/webflow-config
http://www.springframework.org/schema/webflow-config/spring-webflow-config.xsd
http://www.springframework.org/schema/beans
http://www.springframework.org/schema/beans/spring-beans.xsd">


<bean class="org.springframework.webflow.mvc.servlet.FlowHandlerMapping">
	<property name="order" value="0" />
	<property name="flowRegistry" ref="flowRegistry" />
</bean>


	<bean class="org.springframework.webflow.mvc.servlet.FlowHandlerAdapter">
		<property name="flowExecutor" ref="flowExecutor" />
	</bean>



	<flow:flow-executor id="flowExecutor" flow-registry="flowRegistry"></flow:flow-executor>

	<flow:flow-registry id="flowRegistry">
		<flow:flow-location id="demoFlow"
			path="/WEB-INF/views/flows/demo-flow.xml"></flow:flow-location>
	</flow:flow-registry>

</beans>